variant,seed,pipeline,regime,metric,ell,mean,median,ci_low,ci_high,accuracy
symmetric_control_v2_normmatched,0,A,0,PR,,7.856132054401961,7.994805527141901,7.818169743507289,7.892741155689428,0.4906
symmetric_control_v2_normmatched,0,A,0,DeltaCyc,2,0.039499728071406705,0.03547239643461608,0.03804973482245321,0.0409840582833142,0.4906
symmetric_control_v2_normmatched,0,A,0,DeltaCyc,3,-0.014555365707700819,-0.013300226139382365,-0.01510079331581019,-0.01399818563837338,0.4906
symmetric_control_v2_normmatched,0,A,0,DeltaCyc,4,0.004745042735057366,0.004128551743031839,0.004498211883545399,0.0049931673688191815,0.4906
symmetric_control_v2_normmatched,0,A,1,PR,,7.881279287185479,7.995709777245937,7.845149466081934,7.914050604663936,0.4906
symmetric_control_v2_normmatched,0,A,1,DeltaCyc,2,0.038310961701490315,0.03454426345285905,0.03690608113733425,0.03977474190870859,0.4906
symmetric_control_v2_normmatched,0,A,1,DeltaCyc,3,-0.01406988741417994,-0.012845454018895253,-0.014625634251523923,-0.0135195884343392,0.4906
symmetric_control_v2_normmatched,0,A,1,DeltaCyc,4,0.004435459735309737,0.0038808741298616,0.004202471458432668,0.004677742911621561,0.4906
symmetric_control_v2_normmatched,0,A,2,PR,,7.875966857420904,7.99563695068266,7.838983039723928,7.909933953128952,0.4906
symmetric_control_v2_normmatched,0,A,2,DeltaCyc,2,0.03897385330126544,0.03564669916118113,0.03753037540627585,0.04041285881973257,0.4906
symmetric_control_v2_normmatched,0,A,2,DeltaCyc,3,-0.014255960346416524,-0.013149761676952837,-0.01481826532272317,-0.013682512034052585,0.4906
symmetric_control_v2_normmatched,0,A,2,DeltaCyc,4,0.004586824332693542,0.00410890514666476,0.004337631567988631,0.004830019147809333,0.4906
symmetric_control_v2_normmatched,0,A,3,PR,,7.848533734069615,7.995600529754379,7.8076441454120085,7.886768944203121,0.4906
symmetric_control_v2_normmatched,0,A,3,DeltaCyc,2,0.039074137247311076,0.036393255654527,0.037741041960234034,0.04046719128772649,0.4906
symmetric_control_v2_normmatched,0,A,3,DeltaCyc,3,-0.014269086975477947,-0.013129586541148874,-0.01482138450402716,-0.01374087659514572,0.4906
symmetric_control_v2_normmatched,0,A,3,DeltaCyc,4,0.004619695225753676,0.0041517713367072995,0.004381618991565392,0.004863008504081312,0.4906
symmetric_control_v2_normmatched,0,B,0,PR,,7.703181618328635,7.9995714144933405,7.644798849518685,7.757763238143171,0.4906
symmetric_control_v2_normmatched,0,B,0,DeltaCyc,2,0.0051986363121966205,0.004678571713146784,0.005011484130337563,0.0053868462730491135,0.4906
symmetric_control_v2_normmatched,0,B,0,DeltaCyc,3,-0.0016276622497830636,-0.0014501712471913786,-0.0016922563869160596,-0.0015617334718013882,0.4906
symmetric_control_v2_normmatched,0,B,0,DeltaCyc,4,0.0005021106114345218,0.0004313672468423402,0.00047637453775314855,0.0005272448486086256,0.4906
symmetric_control_v2_normmatched,0,B,1,PR,,7.779785920811305,7.999657110877992,7.728525197538616,7.828500037080753,0.4906
symmetric_control_v2_normmatched,0,B,1,DeltaCyc,2,0.004974414820221737,0.004341668949431221,0.0047915097784076415,0.005164309212543549,0.4906
symmetric_control_v2_normmatched,0,B,1,DeltaCyc,3,-0.001594529017843802,-0.0013552623006233278,-0.001659907553341742,-0.001530424061458352,0.4906
symmetric_control_v2_normmatched,0,B,1,DeltaCyc,4,0.0004791583157582953,0.0003856311106032462,0.00045324460049334477,0.0005053736533152832,0.4906
symmetric_control_v2_normmatched,0,B,2,PR,,7.773300271280479,7.99966065504198,7.72036325810639,7.823575708222522,0.4906
symmetric_control_v2_normmatched,0,B,2,DeltaCyc,2,0.004913748625037347,0.004191140926445125,0.004732200704729554,0.005097138207233925,0.4906
symmetric_control_v2_normmatched,0,B,2,DeltaCyc,3,-0.001573616406695509,-0.0013069180893827415,-0.001641848260817178,-0.0015070800357906804,0.4906
symmetric_control_v2_normmatched,0,B,2,DeltaCyc,4,0.0004794810708644434,0.00038882210169555176,0.0004522459597422848,0.0005073627003972709,0.4906
symmetric_control_v2_normmatched,0,B,3,PR,,7.737209802177659,7.999589683925123,7.682268002647765,7.79043418958313,0.4906
symmetric_control_v2_normmatched,0,B,3,DeltaCyc,2,0.0049865444987922825,0.004576728509474437,0.004808266173769157,0.005171240157467916,0.4906
symmetric_control_v2_normmatched,0,B,3,DeltaCyc,3,-0.0016109397621747838,-0.0014267047148519563,-0.0016772683531913865,-0.001546102958702013,0.4906
symmetric_control_v2_normmatched,0,B,3,DeltaCyc,4,0.0004920180801558762,0.0004109011108789917,0.0004658852099678595,0.0005185612575253283,0.4906
symmetric_control_v2_normmatched,1,A,0,PR,,7.95442398226579,7.988138691112313,7.9437451856377965,7.962103837324703,0.4667
symmetric_control_v2_normmatched,1,A,0,DeltaCyc,2,0.06634830654951701,0.06346609462263259,0.06431691628784385,0.06832071945965029,0.4667
symmetric_control_v2_normmatched,1,A,0,DeltaCyc,3,-0.020763480121267493,-0.020187962328627157,-0.021496026823592054,-0.020011435750407546,0.4667
symmetric_control_v2_normmatched,1,A,0,DeltaCyc,4,0.008092536858622433,0.007436790991496134,0.007718275499036111,0.008461846466824996,0.4667
symmetric_control_v2_normmatched,1,A,1,PR,,7.955496747441045,7.989623472996804,7.941953345838278,7.966579840572049,0.4667
symmetric_control_v2_normmatched,1,A,1,DeltaCyc,2,0.06372067191131174,0.05999002523234692,0.06176060735305693,0.06568545121936775,0.4667
symmetric_control_v2_normmatched,1,A,1,DeltaCyc,3,-0.020328727587057453,-0.019514626193182588,-0.021075718953685388,-0.01959031850302089,0.4667
symmetric_control_v2_normmatched,1,A,1,DeltaCyc,4,0.007747648651333892,0.00692858029558302,0.007396012780952245,0.008109114580219874,0.4667
symmetric_control_v2_normmatched,1,A,2,PR,,7.963713576827915,7.989848350437752,7.955980625090245,7.96889121730229,0.4667
symmetric_control_v2_normmatched,1,A,2,DeltaCyc,2,0.06558458632660727,0.0626729056300318,0.06364277892741392,0.06751651414794833,0.4667
symmetric_control_v2_normmatched,1,A,2,DeltaCyc,3,-0.020852965290896416,-0.02009356673553256,-0.02156763094893704,-0.020152020441741383,0.4667
symmetric_control_v2_normmatched,1,A,2,DeltaCyc,4,0.007904279357583694,0.007044522815213089,0.007545830461956147,0.008265438778070103,0.4667
symmetric_control_v2_normmatched,1,A,3,PR,,7.955293944433816,7.989810728936026,7.941243912635481,7.966634382641928,0.4667
symmetric_control_v2_normmatched,1,A,3,DeltaCyc,2,0.06477708680434811,0.06150062069975848,0.06295107174966098,0.0666456637984846,0.4667
symmetric_control_v2_normmatched,1,A,3,DeltaCyc,3,-0.020571737288424027,-0.019538330493899164,-0.02125706680245705,-0.019874560288769303,0.4667
symmetric_control_v2_normmatched,1,A,3,DeltaCyc,4,0.007866483188531961,0.007200359960629454,0.007517710276419676,0.008209816672482533,0.4667
symmetric_control_v2_normmatched,1,B,0,PR,,7.965994499512303,7.99715216149579,7.949092065272776,7.979698884687988,0.4667
symmetric_control_v2_normmatched,1,B,0,DeltaCyc,2,0.009598651175140232,0.009294436642546977,0.009328667708243182,0.009870962811337742,0.4667
symmetric_control_v2_normmatched,1,B,0,DeltaCyc,3,-0.002463000469443061,-0.002349082960076021,-0.0025635253968714442,-0.002363017108654135,0.4667
symmetric_control_v2_normmatched,1,B,0,DeltaCyc,4,0.000883034049960572,0.0008668403932785562,0.0008371409483206623,0.000928338651306499,0.4667
symmetric_control_v2_normmatched,1,B,1,PR,,7.947707267576087,7.9974733960082975,7.924925989690696,7.967613743371471,0.4667
symmetric_control_v2_normmatched,1,B,1,DeltaCyc,2,0.00941820700343083,0.009170911057532871,0.009142154142468613,0.009695635176124373,0.4667
symmetric_control_v2_normmatched,1,B,1,DeltaCyc,3,-0.002496955276502188,-0.0024574245807848227,-0.0025984575072463293,-0.0023941791382837956,0.4667
symmetric_control_v2_normmatched,1,B,1,DeltaCyc,4,0.0008698459141233497,0.0008670823096576519,0.0008253470599683855,0.0009144685935496889,0.4667
symmetric_control_v2_normmatched,1,B,2,PR,,7.961583809543722,7.997638216595378,7.943012053518346,7.977353890851128,0.4667
symmetric_control_v2_normmatched,1,B,2,DeltaCyc,2,0.009188787852357652,0.008689289140765,0.008928954785179816,0.009455137620682692,0.4667
symmetric_control_v2_normmatched,1,B,2,DeltaCyc,3,-0.002435738156684885,-0.002316759531619833,-0.002533549611521484,-0.002340600983631338,0.4667
symmetric_control_v2_normmatched,1,B,2,DeltaCyc,4,0.0008311438758859275,0.0007932923425285621,0.0007882742399471036,0.0008744494714000983,0.4667
symmetric_control_v2_normmatched,1,B,3,PR,,7.955319727111957,7.997260487704928,7.9347990139446285,7.9740212076854,0.4667
symmetric_control_v2_normmatched,1,B,3,DeltaCyc,2,0.0095705570894174,0.009093866696843034,0.009296316344050254,0.009839278635274085,0.4667
symmetric_control_v2_normmatched,1,B,3,DeltaCyc,3,-0.0025093513962686684,-0.002433480181340847,-0.002609636659607612,-0.0024107126173880783,0.4667
symmetric_control_v2_normmatched,1,B,3,DeltaCyc,4,0.0008716874349664728,0.0008550349383626976,0.0008276352070805807,0.0009161103337994228,0.4667
symmetric_control_v2_normmatched,2,A,0,PR,,7.893475469806611,7.985512336395069,7.868873235843994,7.915389269146628,0.6955
symmetric_control_v2_normmatched,2,A,0,DeltaCyc,2,0.05232685149850055,0.04929060921910633,0.04986271532006437,0.05478863279998872,0.6955
symmetric_control_v2_normmatched,2,A,0,DeltaCyc,3,-0.01920955422074875,-0.018587396477843854,-0.02032676953435617,-0.0181003605113783,0.6955
symmetric_control_v2_normmatched,2,A,0,DeltaCyc,4,0.005493271109730125,0.004758600569148397,0.004952006385356713,0.006051381873689511,0.6955
symmetric_control_v2_normmatched,2,A,1,PR,,7.887284765818969,7.984880442687901,7.861636589181374,7.910094981550153,0.6955
symmetric_control_v2_normmatched,2,A,1,DeltaCyc,2,0.05335210546358857,0.0501280729620574,0.05075299018198163,0.05596345175316887,0.6955
symmetric_control_v2_normmatched,2,A,1,DeltaCyc,3,-0.020070474000604504,-0.019090022995507716,-0.021271006243265046,-0.018853184527214798,0.6955
symmetric_control_v2_normmatched,2,A,1,DeltaCyc,4,0.00584241800682854,0.005097429727086267,0.00524539419578447,0.00643974114841309,0.6955
symmetric_control_v2_normmatched,2,A,2,PR,,7.891969589111987,7.983590396399393,7.872342456844038,7.909530646216125,0.6955
symmetric_control_v2_normmatched,2,A,2,DeltaCyc,2,0.053084750575789964,0.049622026909313055,0.05038589305459896,0.05581508438763854,0.6955
symmetric_control_v2_normmatched,2,A,2,DeltaCyc,3,-0.020236904845727544,-0.019678815796581622,-0.021462258756478045,-0.01903370038599719,0.6955
symmetric_control_v2_normmatched,2,A,2,DeltaCyc,4,0.005761191411259804,0.004950637775537892,0.005152057016739092,0.006367445537204959,0.6955
symmetric_control_v2_normmatched,2,A,3,PR,,7.895485060109287,7.98249623818892,7.875468154700893,7.913436779167108,0.6955
symmetric_control_v2_normmatched,2,A,3,DeltaCyc,2,0.056547985268658486,0.05208687693617542,0.05390726518443158,0.05924869222762527,0.6955
symmetric_control_v2_normmatched,2,A,3,DeltaCyc,3,-0.021163294703738577,-0.019821329502956897,-0.022406361406604996,-0.019958719672617743,0.6955
symmetric_control_v2_normmatched,2,A,3,DeltaCyc,4,0.006260085915093807,0.005372089943233765,0.005675247828837065,0.0068675775264128045,0.6955
symmetric_control_v2_normmatched,2,B,0,PR,,7.9108726526403315,7.998748412052127,7.879237545069577,7.939520129846248,0.6955
symmetric_control_v2_normmatched,2,B,0,DeltaCyc,2,0.008359255053451895,0.007870230864417183,0.008049416396864682,0.008669754815489733,0.6955
symmetric_control_v2_normmatched,2,B,0,DeltaCyc,3,-0.0027374681803423776,-0.002496929285862759,-0.00286015124285974,-0.002616457235419422,0.6955
symmetric_control_v2_normmatched,2,B,0,DeltaCyc,4,0.0007657752114856326,0.0007086446905175126,0.0007161176603546907,0.0008166228969406097,0.6955
symmetric_control_v2_normmatched,2,B,1,PR,,7.907072744160801,7.998925016028709,7.874499343355263,7.937131901549525,0.6955
symmetric_control_v2_normmatched,2,B,1,DeltaCyc,2,0.00841835232955244,0.007602278933505846,0.008097839993415212,0.008747307702156319,0.6955
symmetric_control_v2_normmatched,2,B,1,DeltaCyc,3,-0.002677987169631096,-0.002426631829957282,-0.002802684537524915,-0.0025554479189378553,0.6955
symmetric_control_v2_normmatched,2,B,1,DeltaCyc,4,0.0007352421011962684,0.0006851278534806826,0.0006867020253713929,0.0007831963943155997,0.6955
symmetric_control_v2_normmatched,2,B,2,PR,,7.9108201800204805,7.998960704939794,7.878185254251751,7.94015227741132,0.6955
symmetric_control_v2_normmatched,2,B,2,DeltaCyc,2,0.008435255258614202,0.0078103691976764145,0.00811771218564172,0.008750009819221416,0.6955
symmetric_control_v2_normmatched,2,B,2,DeltaCyc,3,-0.0027506250252387907,-0.002490135495190393,-0.0028710654374778347,-0.002628006057358162,0.6955
symmetric_control_v2_normmatched,2,B,2,DeltaCyc,4,0.0007598071142785697,0.0006948352249724066,0.0007103038504866692,0.0008078288007578939,0.6955
symmetric_control_v2_normmatched,2,B,3,PR,,7.911721497097283,7.998896318094131,7.879115851044588,7.941181755581883,0.6955
symmetric_control_v2_normmatched,2,B,3,DeltaCyc,2,0.008578518361488105,0.008021550261882116,0.008247255372762673,0.008906341533606104,0.6955
symmetric_control_v2_normmatched,2,B,3,DeltaCyc,3,-0.0027135229411341124,-0.0025683772882547085,-0.0028376318621871435,-0.0025863695135587834,0.6955
symmetric_control_v2_normmatched,2,B,3,DeltaCyc,4,0.0007485354905790424,0.0006995644607108442,0.0006991122703998648,0.0007977958293249585,0.6955
no_drift,0,A,0,PR,,7.973525803114466,7.996343416577482,7.9579932295578555,7.986098097831671,0.8702
no_drift,0,A,0,DeltaCyc,2,-0.009467285733801862,-0.009170206689719573,-0.011302261024156834,-0.007634345757557472,0.8702
no_drift,0,A,0,DeltaCyc,3,0.0045992210763917876,0.0037772287298755147,0.00377588521845257,0.005450589753330951,0.8702
no_drift,0,A,0,DeltaCyc,4,-0.0024386771168196804,-0.0021534909500957045,-0.0027661554278496947,-0.0021211945449331328,0.8702
no_drift,0,A,1,PR,,7.956723592624795,7.9963765709988435,7.9360638090351845,7.9755271001339025,0.8702
no_drift,0,A,1,DeltaCyc,2,-0.009277350774463684,-0.00885168787050361,-0.011070721977028037,-0.007453064817966002,0.8702
no_drift,0,A,1,DeltaCyc,3,0.0043452853760028885,0.003321778422467059,0.0034953100490354772,0.005184062263339236,0.8702
no_drift,0,A,1,DeltaCyc,4,-0.0024028637733590403,-0.0020208889901570937,-0.002730039949026636,-0.0020729292614162865,0.8702
no_drift,0,A,2,PR,,7.978173538429232,7.996128814411086,7.965174460537964,7.988043791652823,0.8702
no_drift,0,A,2,DeltaCyc,2,-0.007316923954643569,-0.005379998168943023,-0.009228322775258542,-0.005351532795082264,0.8702
no_drift,0,A,2,DeltaCyc,3,0.004013499757041532,0.002720325502658716,0.003113545131535053,0.004897231397237001,0.8702
no_drift,0,A,2,DeltaCyc,4,-0.0025264730980658788,-0.0021383732839638098,-0.0028733529170986683,-0.002176544127621029,0.8702
no_drift,0,A,3,PR,,7.969780192806959,7.995958007747351,7.953843421770226,7.982746475684855,0.8702
no_drift,0,A,3,DeltaCyc,2,-0.00844314363522246,-0.006957511962333629,-0.010289123944365985,-0.0065662739134949724,0.8702
no_drift,0,A,3,DeltaCyc,3,0.003868998453790088,0.0029510305508742563,0.002971664205197538,0.004756100515706484,0.8702
no_drift,0,A,3,DeltaCyc,4,-0.0023143639609655006,-0.0019691910477191987,-0.0026556301627879324,-0.001966052038572322,0.8702
no_drift,0,B,0,PR,,7.9614679679180185,7.998911742554766,7.939497822633285,7.980405771074781,0.8702
no_drift,0,B,0,DeltaCyc,2,-0.013115564847748683,-0.01230659057101835,-0.013579923334920923,-0.012667646457212772,0.8702
no_drift,0,B,0,DeltaCyc,3,0.005162582669868974,0.0047507976545195785,0.0049761214456299635,0.005351226490311971,0.8702
no_drift,0,B,0,DeltaCyc,4,-0.0008998679876183624,-0.0008219983993267843,-0.0009595190560971594,-0.0008408977116262183,0.8702
no_drift,0,B,1,PR,,7.979984923023907,7.9990030097900675,7.964108348181229,7.99274179664655,0.8702
no_drift,0,B,1,DeltaCyc,2,-0.012629387257057652,-0.011978426104858053,-0.013078473761306452,-0.01217940161049484,0.8702
no_drift,0,B,1,DeltaCyc,3,0.004938030526591569,0.0045734510228163106,0.004753928814967389,0.005124975908326212,0.8702
no_drift,0,B,1,DeltaCyc,4,-0.0008568547041752247,-0.0007594994742301658,-0.0009173386354962747,-0.0007965822626951824,0.8702
no_drift,0,B,2,PR,,7.9534605795264515,7.999115005076479,7.929905025708594,7.976104230861283,0.8702
no_drift,0,B,2,DeltaCyc,2,-0.012311528131479326,-0.011280917376759014,-0.012784892937565177,-0.011857026496887062,0.8702
no_drift,0,B,2,DeltaCyc,3,0.004844322340450534,0.004346541351986449,0.004654867990234411,0.005036989264315133,0.8702
no_drift,0,B,2,DeltaCyc,4,-0.0008790861430311363,-0.0007694048800612058,-0.0009365698911011473,-0.0008217050945921278,0.8702
no_drift,0,B,3,PR,,7.967444557620518,7.999040061424664,7.948288838660356,7.983532090545345,0.8702
no_drift,0,B,3,DeltaCyc,2,-0.012195121138508229,-0.011470577896838696,-0.012652725898920662,-0.01174157140553183,0.8702
no_drift,0,B,3,DeltaCyc,3,0.004730023725458705,0.004385634470553568,0.004540425931440949,0.004917758172532321,0.8702
no_drift,0,B,3,DeltaCyc,4,-0.0008033668150677125,-0.0007205551011850719,-0.0008632769690147228,-0.0007440142126713952,0.8702
no_drift,1,A,0,PR,,7.977520798759388,7.996045130596236,7.964950607882717,7.987084871670601,0.7064
no_drift,1,A,0,DeltaCyc,2,-0.021236367272567093,-0.02153645730135284,-0.023085018415062296,-0.019369489933091618,0.7064
no_drift,1,A,0,DeltaCyc,3,0.008677857674434644,0.007663821233169027,0.007818398791551311,0.009526736131367177,0.7064
no_drift,1,A,0,DeltaCyc,4,-0.0028349039741874106,-0.002364208905033971,-0.0031644887028522617,-0.0025073703468086895,0.7064
no_drift,1,A,1,PR,,7.973420612393594,7.99551994972729,7.959509415906418,7.984194817851622,0.7064
no_drift,1,A,1,DeltaCyc,2,-0.017777855570486917,-0.01590447588420507,-0.01959192837469626,-0.015938637089071082,0.7064
no_drift,1,A,1,DeltaCyc,3,0.007156518496053632,0.006038226209559044,0.0062526208031156135,0.00803955539449653,0.7064
no_drift,1,A,1,DeltaCyc,4,-0.0024467720148980752,-0.002145090101545774,-0.0027820005284871258,-0.0021055933689726734,0.7064
no_drift,1,A,2,PR,,7.979712845934991,7.99565431031786,7.969859801545856,7.986701480918494,0.7064
no_drift,1,A,2,DeltaCyc,2,-0.016816178350388723,-0.013912739034316168,-0.01875350638182019,-0.014919822323585519,0.7064
no_drift,1,A,2,DeltaCyc,3,0.007266909453325327,0.00572575087189775,0.006411601718916156,0.008144621968694917,0.7064
no_drift,1,A,2,DeltaCyc,4,-0.0026270790724027735,-0.002255123612939877,-0.002957521523393703,-0.0022980989924494136,0.7064
no_drift,1,A,3,PR,,7.983372401783977,7.995841820633782,7.9758894339863,7.9875301220230535,0.7064
no_drift,1,A,3,DeltaCyc,2,-0.019267591124896254,-0.016832981381407375,-0.021220542962731227,-0.01736791557778744,0.7064
no_drift,1,A,3,DeltaCyc,3,0.0075930402650867855,0.006273371393594546,0.006715799380998646,0.008517072904067372,0.7064
no_drift,1,A,3,DeltaCyc,4,-0.0025743511298319368,-0.0024288399122620874,-0.0029150342754888526,-0.0022299183766053554,0.7064
no_drift,1,B,0,PR,,7.963875565195044,7.9987626830981124,7.941866490452646,7.982740690491762,0.7064
no_drift,1,B,0,DeltaCyc,2,-0.01466262334311469,-0.013718092037649982,-0.0152040773498285,-0.014116172048720278,0.7064
no_drift,1,B,0,DeltaCyc,3,0.00560680113879771,0.0051824472245502184,0.005380453991063382,0.005831324636365515,0.7064
no_drift,1,B,0,DeltaCyc,4,-0.0008868115702647173,-0.0008115840984725953,-0.0009580353883195734,-0.0008155389326874403,0.7064
no_drift,1,B,1,PR,,7.969459499062623,7.998953129903342,7.949753732679945,7.985932497332506,0.7064
no_drift,1,B,1,DeltaCyc,2,-0.013122346528315615,-0.012370546826411533,-0.013650139140300535,-0.012594398331806289,0.7064
no_drift,1,B,1,DeltaCyc,3,0.004878876551508144,0.004455268345486818,0.004663547727787319,0.005098461000155066,0.7064
no_drift,1,B,1,DeltaCyc,4,-0.0007961076052337077,-0.0007380049868075944,-0.000865347954201382,-0.0007283868164563018,0.7064
no_drift,1,B,2,PR,,7.9647795566882085,7.998912717129021,7.9431626790859635,7.9833538912438815,0.7064
no_drift,1,B,2,DeltaCyc,2,-0.013560760135568005,-0.012758598148034372,-0.014091260389816927,-0.013026741985241043,0.7064
no_drift,1,B,2,DeltaCyc,3,0.005241665552829843,0.004687037860735183,0.005014895571035586,0.0054705977361759394,0.7064
no_drift,1,B,2,DeltaCyc,4,-0.0008844828845704996,-0.0007643424918742231,-0.0009589223215934625,-0.0008138469773942502,0.7064
no_drift,1,B,3,PR,,7.986093410997531,7.998870317543065,7.973203439475884,7.995786096062503,0.7064
no_drift,1,B,3,DeltaCyc,2,-0.014121322506012286,-0.013319695156578992,-0.014666314756000028,-0.013563444723700758,0.7064
no_drift,1,B,3,DeltaCyc,3,0.005436989057252349,0.004911210051070952,0.005203671137281611,0.005670877104616831,0.7064
no_drift,1,B,3,DeltaCyc,4,-0.0008778434927112,-0.0007953763717394868,-0.000952277785259963,-0.0008040597484337906,0.7064
no_drift,2,A,0,PR,,7.957810235899389,7.99532237735296,7.93842463713879,7.974539904920623,0.8446
no_drift,2,A,0,DeltaCyc,2,-0.014334390554479463,-0.011658360720230854,-0.01629055530114247,-0.012340305774374173,0.8446
no_drift,2,A,0,DeltaCyc,3,0.006610669291625304,0.005219649788243352,0.005690141206979526,0.00753680659310881,0.8446
no_drift,2,A,0,DeltaCyc,4,-0.0028786689712822717,-0.00233906601127698,-0.003237342735131788,-0.0025260993947785297,0.8446
no_drift,2,A,1,PR,,7.964392461676277,7.99539538199093,7.9456197104779935,7.979860826095944,0.8446
no_drift,2,A,1,DeltaCyc,2,-0.014302256103209548,-0.012321655901254086,-0.016253208609286196,-0.012422240621361507,0.8446
no_drift,2,A,1,DeltaCyc,3,0.006581455701969803,0.005172077990683893,0.00569086347931251,0.007475431194828554,0.8446
no_drift,2,A,1,DeltaCyc,4,-0.002692328136286571,-0.0022088117017340925,-0.0030333281909901634,-0.0023506182110878556,0.8446
no_drift,2,A,2,PR,,7.967448575413251,7.995497085834315,7.950737473548079,7.980893134929333,0.8446
no_drift,2,A,2,DeltaCyc,2,-0.014764253727234918,-0.013716746955283743,-0.01675479454419452,-0.012814900218680331,0.8446
no_drift,2,A,2,DeltaCyc,3,0.007167610750554014,0.00636018866327262,0.006244256102741618,0.008111654816217315,0.8446
no_drift,2,A,2,DeltaCyc,4,-0.0030141821147062803,-0.0028578508979655998,-0.0033718632785307073,-0.0026557688962735764,0.8446
no_drift,2,A,3,PR,,7.968202836619601,7.995484303133981,7.951616210127875,7.981566375424478,0.8446
no_drift,2,A,3,DeltaCyc,2,-0.012838277302362325,-0.011514298315269844,-0.014782015412130525,-0.010905321526068079,0.8446
no_drift,2,A,3,DeltaCyc,3,0.0058822214849568715,0.004290004862748054,0.004968904263214254,0.006803603475111787,0.8446
no_drift,2,A,3,DeltaCyc,4,-0.002628910668545324,-0.002213495796749232,-0.0029773658800214572,-0.0022910601549663246,0.8446
no_drift,2,B,0,PR,,7.95588817842932,7.999208670553253,7.933754013254535,7.97488041694449,0.8446
no_drift,2,B,0,DeltaCyc,2,-0.01143856671793471,-0.010388376384760978,-0.011938930371578577,-0.010944108619491343,0.8446
no_drift,2,B,0,DeltaCyc,3,0.004626488547029974,0.0041447012707281905,0.0044186632311245845,0.004837876042028293,0.8446
no_drift,2,B,0,DeltaCyc,4,-0.0009453305215418208,-0.0007738096565760577,-0.0010093014359479915,-0.0008852929378255917,0.8446
no_drift,2,B,1,PR,,7.948616030820215,7.999281780642109,7.922865011593612,7.971066607781756,0.8446
no_drift,2,B,1,DeltaCyc,2,-0.01048248810929709,-0.00959831054970356,-0.010959620736513477,-0.01000836713523902,0.8446
no_drift,2,B,1,DeltaCyc,3,0.004151764464917952,0.0036805977790207445,0.003952864278910694,0.004352208974370157,0.8446
no_drift,2,B,1,DeltaCyc,4,-0.0008561765334014676,-0.000725395463264264,-0.000916127513273967,-0.0007964855671978412,0.8446
no_drift,2,B,2,PR,,7.925303896316973,7.999322412970612,7.895811410454907,7.954317854190286,0.8446
no_drift,2,B,2,DeltaCyc,2,-0.010399815731612376,-0.009735273322973415,-0.010874584320336977,-0.009927316033098346,0.8446
no_drift,2,B,2,DeltaCyc,3,0.004166395532522979,0.0037724157571381867,0.003969574616667722,0.004361584032027588,0.8446
no_drift,2,B,2,DeltaCyc,4,-0.0008912302337406655,-0.0008160331785319053,-0.000950858880849734,-0.0008310596275421178,0.8446
no_drift,2,B,3,PR,,7.938543216534753,7.999340333633972,7.909419565293258,7.96431923378344,0.8446
no_drift,2,B,3,DeltaCyc,2,-0.009814224442886429,-0.009319329525044995,-0.010283146113481089,-0.009338137120206952,0.8446
no_drift,2,B,3,DeltaCyc,3,0.004028651374179904,0.003536653737446771,0.0038365428997701027,0.004226533113072742,0.8446
no_drift,2,B,3,DeltaCyc,4,-0.0009058227752025089,-0.0008196335066764371,-0.0009657533084462673,-0.0008471075550955026,0.8446
no_injection,2,A,0,PR,,7.8207023631674,7.980383086637678,7.78674536509054,7.851043686007891,0.6998
no_injection,2,A,0,DeltaCyc,2,0.03831784330848428,0.03839347331735665,0.03554793445253827,0.041030610051387105,0.6998
no_injection,2,A,0,DeltaCyc,3,-0.01824910790379057,-0.016900255843046885,-0.019739318640999027,-0.016742035815203452,0.6998
no_injection,2,A,0,DeltaCyc,4,0.0036796203606089227,0.002817784072402185,0.002936427931016893,0.004415537192846752,0.6998
no_injection,2,A,1,PR,,7.850921017940553,7.982938521611715,7.819862437513136,7.878669461828682,0.6998
no_injection,2,A,1,DeltaCyc,2,0.03557970493493425,0.03494996996967631,0.03290374226216973,0.038296372130906246,0.6998
no_injection,2,A,1,DeltaCyc,3,-0.016535438882388613,-0.016229780027204543,-0.017978525139113,-0.015087560292724863,0.6998
no_injection,2,A,1,DeltaCyc,4,0.0036866013873692984,0.0032302344842376485,0.0029705415684554396,0.004402036791444629,0.6998
no_injection,2,A,2,PR,,7.847764246068228,7.983059449420648,7.817046250628114,7.876543450131718,0.6998
no_injection,2,A,2,DeltaCyc,2,0.03490720551196124,0.034394706931150265,0.032220861495790905,0.037585216401131924,0.6998
no_injection,2,A,2,DeltaCyc,3,-0.01574344419806243,-0.015089287575620364,-0.017148568199238563,-0.014309775954048783,0.6998
no_injection,2,A,2,DeltaCyc,4,0.0032285858480176144,0.002657434220132343,0.002529082221876012,0.0039114636474633846,0.6998
no_injection,2,A,3,PR,,7.844668449329845,7.9831603355934,7.812171323204208,7.874729108748344,0.6998
no_injection,2,A,3,DeltaCyc,2,0.03256973655185902,0.03039816431298059,0.02983947989591828,0.035238148209785734,0.6998
no_injection,2,A,3,DeltaCyc,3,-0.015279641064823908,-0.014710108797568455,-0.01671745349901098,-0.013841869714010024,0.6998
no_injection,2,A,3,DeltaCyc,4,0.0031299581196643925,0.0026202868999895546,0.002465793697438793,0.003804718157359795,0.6998
no_injection,2,B,0,PR,,7.780064813680573,7.999802122767247,7.729144400749659,7.829581499696645,0.6998
no_injection,2,B,0,DeltaCyc,2,0.0016875681536914656,0.0007855213800793681,0.0014912721709646288,0.0018824005543167331,0.6998
no_injection,2,B,0,DeltaCyc,3,-0.0006642788041959564,-0.00036796317587106664,-0.0007389092117200764,-0.0005873934278396182,0.6998
no_injection,2,B,0,DeltaCyc,4,0.00011001830601837278,8.575321286530269e-05,8.296554396213227e-05,0.00013611622386010454,0.6998
no_injection,2,B,1,PR,,7.764393558986316,7.999777445840226,7.710023964693469,7.815526298341901,0.6998
no_injection,2,B,1,DeltaCyc,2,0.0017516722785620709,0.0010509947372345785,0.0015696640476623015,0.0019306243848013875,0.6998
no_injection,2,B,1,DeltaCyc,3,-0.0007124590243147623,-0.00041174342427796606,-0.0007857265723997865,-0.0006396099464559079,0.6998
no_injection,2,B,1,DeltaCyc,4,0.0001449622734254576,0.00010417328761591627,0.00011937932667267997,0.00017045511183307627,0.6998
no_injection,2,B,2,PR,,7.836054413576872,7.999782669060574,7.790704858202428,7.8784319646464365,0.6998
no_injection,2,B,2,DeltaCyc,2,0.0017337540015098475,0.0010501001172572022,0.0015542483744517806,0.001912647334342714,0.6998
no_injection,2,B,2,DeltaCyc,3,-0.0006704412683138512,-0.0003939003206521463,-0.0007430948968301078,-0.0005976853075988438,0.6998
no_injection,2,B,2,DeltaCyc,4,0.00014204211040012987,8.408872255422084e-05,0.00011643411395020934,0.0001677110623904457,0.6998
no_injection,2,B,3,PR,,7.7808648545560555,7.999818827743832,7.728881221105685,7.8325437488650325,0.6998
no_injection,2,B,3,DeltaCyc,2,0.0016865803906114172,0.0008855907142595321,0.0015088057979822916,0.0018686313615836373,0.6998
no_injection,2,B,3,DeltaCyc,3,-0.0006515775131114008,-0.00035447962989904047,-0.0007231998930114042,-0.0005806988789002247,0.6998
no_injection,2,B,3,DeltaCyc,4,0.00012986633980804956,8.222542741992411e-05,0.00010491817659954772,0.0001547117956108345,0.6998
no_injection,1,A,0,PR,,7.183266073746781,7.886504290440754,7.1168463742103665,7.248362747935327,0.624
no_injection,1,A,0,DeltaCyc,2,0.06470027073451692,0.06317290510473561,0.06095411211224874,0.06854338339804077,0.624
no_injection,1,A,0,DeltaCyc,3,-0.04358299618821172,-0.03745673062642267,-0.04597612049213171,-0.04129689531657137,0.624
no_injection,1,A,0,DeltaCyc,4,0.01407717520757628,0.010770063154776521,0.01274675635401308,0.015439675127420845,0.624
no_injection,1,A,1,PR,,7.024784224988875,7.872374063872117,6.949673808398734,7.097397412094503,0.624
no_injection,1,A,1,DeltaCyc,2,0.06874370606695052,0.06514059041758974,0.0648854770313184,0.0727064823432743,0.624
no_injection,1,A,1,DeltaCyc,3,-0.047057979234390424,-0.038928012207496976,-0.049521123778301326,-0.044590705681035445,0.624
no_injection,1,A,1,DeltaCyc,4,0.016414735168199385,0.011611539896595913,0.015000511316765861,0.017836452076363318,0.624
no_injection,1,A,2,PR,,6.995067077171124,7.854605948246549,6.9227181890296,7.065607901503933,0.624
no_injection,1,A,2,DeltaCyc,2,0.07008525541020152,0.06958870119084698,0.06641754891229272,0.07380750502355031,0.624
no_injection,1,A,2,DeltaCyc,3,-0.04863664712253015,-0.04109248333642715,-0.051009205886524855,-0.046265935005082096,0.624
no_injection,1,A,2,DeltaCyc,4,0.017109857274600744,0.012162416744914556,0.015753846172208888,0.018462610598780113,0.624
no_injection,1,A,3,PR,,6.939168460064318,7.833633849809615,6.864285072230498,7.013402346289477,0.624
no_injection,1,A,3,DeltaCyc,2,0.06983155893706444,0.06970533462137773,0.06596970536301539,0.07379529766792309,0.624
no_injection,1,A,3,DeltaCyc,3,-0.048993562412987066,-0.04332927579435242,-0.0515290841468947,-0.04655457345831534,0.624
no_injection,1,A,3,DeltaCyc,4,0.016813327963177655,0.012985498273408141,0.015401320431252074,0.01828869784441859,0.624
no_injection,1,B,0,PR,,7.66972012894088,7.9998543510786195,7.606283440451555,7.729968433751406,0.624
no_injection,1,B,0,DeltaCyc,2,0.002897118647604139,0.0018236144927313291,0.0026855985585461464,0.0031097761222848076,0.624
no_injection,1,B,0,DeltaCyc,3,-0.001422012216367568,-0.0009485429541340462,-0.001508914506788919,-0.001335504447435671,0.624
no_injection,1,B,0,DeltaCyc,4,0.00042472379800291115,0.0003275931241008001,0.0003956380447644127,0.0004533509136192787,0.624
no_injection,1,B,1,PR,,7.581678634390124,7.999854298798425,7.509360817301539,7.650804459435163,0.624
no_injection,1,B,1,DeltaCyc,2,0.0037688526561064683,0.002342876458254539,0.003529519046384349,0.00400943109538846,0.624
no_injection,1,B,1,DeltaCyc,3,-0.0017593496394517794,-0.001190409338826387,-0.0018569174232609925,-0.001663856122590815,0.624
no_injection,1,B,1,DeltaCyc,4,0.0005299253780427647,0.0004044780986315055,0.0004994154860421078,0.0005605379721514976,0.624
no_injection,1,B,2,PR,,7.635481596271293,7.99984760271753,7.570169729109767,7.6977156813659855,0.624
no_injection,1,B,2,DeltaCyc,2,0.0035867091556754734,0.0023675341706328457,0.003343956449216911,0.003830606389737318,0.624
no_injection,1,B,2,DeltaCyc,3,-0.0017241352043829165,-0.0011943257756588943,-0.0018191263826329955,-0.0016292249744158912,0.624
no_injection,1,B,2,DeltaCyc,4,0.0005236515513473783,0.0004120159296213399,0.0004936893349422279,0.0005530683807463696,0.624
no_injection,1,B,3,PR,,7.624055575872298,7.999860098247149,7.55605694887955,7.68882022693483,0.624
no_injection,1,B,3,DeltaCyc,2,0.003504720740230626,0.002255383235877373,0.0032743905512061812,0.0037396388553101226,0.624
no_injection,1,B,3,DeltaCyc,3,-0.0017226736040985018,-0.0011796002641450976,-0.0018148202752928388,-0.0016319634746831883,0.624
no_injection,1,B,3,DeltaCyc,4,0.0005325491152630622,0.00041143038125071585,0.00050407456217364,0.0005607589427867491,0.624
no_injection,0,A,0,PR,,7.828494208729935,7.981726527984184,7.80008265261895,7.854643082011556,0.637
no_injection,0,A,0,DeltaCyc,2,0.051616467331633616,0.04871287249599665,0.04896229926213899,0.05419385497851561,0.637
no_injection,0,A,0,DeltaCyc,3,-0.02619235772375186,-0.023132099206020662,-0.027638901726320407,-0.024725053024850382,0.637
no_injection,0,A,0,DeltaCyc,4,0.007021532167739458,0.005583051606411926,0.006282747015825601,0.00773155675211621,0.637
no_injection,0,A,1,PR,,7.790746970519575,7.97908742960639,7.756877948862384,7.821724072107113,0.637
no_injection,0,A,1,DeltaCyc,2,0.054017924676823016,0.05291675153887104,0.05136089750751595,0.056612876380262564,0.637
no_injection,0,A,1,DeltaCyc,3,-0.028426034495058438,-0.025400200558772623,-0.029930050747711445,-0.0269189547052341,0.637
no_injection,0,A,1,DeltaCyc,4,0.007773897505372944,0.006116857346413346,0.006990948140394335,0.008534049212939102,0.637
no_injection,0,A,2,PR,,7.771721802669493,7.975884808938641,7.734632315195606,7.806053579779451,0.637
no_injection,0,A,2,DeltaCyc,2,0.05354393803901815,0.049640054833526515,0.050811652378924224,0.05631034415568694,0.637
no_injection,0,A,2,DeltaCyc,3,-0.02767423150005997,-0.024844172481510024,-0.029267753357588286,-0.02607020929018336,0.637
no_injection,0,A,2,DeltaCyc,4,0.007640969632051545,0.005846240997833874,0.0068545013913556396,0.008441302944436426,0.637
no_injection,0,A,3,PR,,7.804792692206619,7.978018273543121,7.773982638802355,7.833324804135016,0.637
no_injection,0,A,3,DeltaCyc,2,0.05506209542634129,0.052946817298127224,0.052395138797492746,0.05770644795058801,0.637
no_injection,0,A,3,DeltaCyc,3,-0.028906516208424517,-0.02637005945703863,-0.03042007015700674,-0.02739979152407088,0.637
no_injection,0,A,3,DeltaCyc,4,0.008552029234480847,0.006736734115641463,0.007783885109281666,0.009335243042623774,0.637
no_injection,0,B,0,PR,,7.817389800782041,7.999779549199572,7.770296861767083,7.86134750318871,0.637
no_injection,0,B,0,DeltaCyc,2,0.005854936085916755,0.0043142689923127975,0.005558192878707321,0.006151200601170823,0.637
no_injection,0,B,0,DeltaCyc,3,-0.0022018694691566757,-0.001704080331771829,-0.0023069266319831142,-0.0020977460348005584,0.637
no_injection,0,B,0,DeltaCyc,4,0.0005727502466427936,0.0004921549476630815,0.0005391073784231275,0.0006061061349866132,0.637
no_injection,0,B,1,PR,,7.763570856148001,7.999770667765099,7.708714626360285,7.816688843007982,0.637
no_injection,0,B,1,DeltaCyc,2,0.006077444963868271,0.0044039969090569064,0.005776116336661589,0.006375629200152973,0.637
no_injection,0,B,1,DeltaCyc,3,-0.002333736541265038,-0.001802485771243728,-0.0024465818689564153,-0.0022251588563674757,0.637
no_injection,0,B,1,DeltaCyc,4,0.0006202744753618567,0.0005413944239457402,0.0005856583088277746,0.0006555889307851123,0.637
no_injection,0,B,2,PR,,7.780944108603707,7.999746098219315,7.72823098483176,7.830468707927997,0.637
no_injection,0,B,2,DeltaCyc,2,0.006270274678000682,0.00460142760269916,0.005951888555647077,0.006585741860347511,0.637
no_injection,0,B,2,DeltaCyc,3,-0.0024640540013507036,-0.001891450181979365,-0.0025809527791303393,-0.002350084361369146,0.637
no_injection,0,B,2,DeltaCyc,4,0.0006642662766985554,0.0005674523045297863,0.0006260393000419722,0.0007020028213676673,0.637
no_injection,0,B,3,PR,,7.783894502694911,7.9997750939960675,7.732452329146622,7.833756901223497,0.637
no_injection,0,B,3,DeltaCyc,2,0.006214103042027696,0.004474827175323992,0.00590419143333949,0.006532860952410167,0.637
no_injection,0,B,3,DeltaCyc,3,-0.002419557843940618,-0.0017899884320654036,-0.002538338081357197,-0.0023039708510192705,0.637
no_injection,0,B,3,DeltaCyc,4,0.0006410111477337127,0.0005432162138573338,0.0006029744318549265,0.0006796616163681034,0.637
mechanism,2,A,0,PR,,7.9616707869384795,7.995595130337369,7.943154425494521,7.97736432071297,0.8046
mechanism,2,A,0,DeltaCyc,2,-0.00867980170148181,-0.006511211012154572,-0.010663079942178355,-0.0066180150864846785,0.8046
mechanism,2,A,0,DeltaCyc,3,0.0052647411734281085,0.003402386866810714,0.004304915425938049,0.0062099122060893484,0.8046
mechanism,2,A,0,DeltaCyc,4,-0.0035016527640092695,-0.0028339030519015096,-0.003864478716842074,-0.003138180358913137,0.8046
mechanism,2,A,1,PR,,7.958909659149601,7.995453915359519,7.9389297598161095,7.975427977305701,0.8046
mechanism,2,A,1,DeltaCyc,2,-0.008982833377756414,-0.0057795688195868,-0.011016756173767215,-0.007007243617708852,0.8046
mechanism,2,A,1,DeltaCyc,3,0.005561242360497402,0.004001528977055913,0.00458372602657426,0.006530260900522685,0.8046
mechanism,2,A,1,DeltaCyc,4,-0.0033838235489581153,-0.002841604324144917,-0.0037502787522233558,-0.0030270543388519083,0.8046
mechanism,2,A,2,PR,,7.971059331259459,7.995482917635325,7.955113432453626,7.984051468287103,0.8046
mechanism,2,A,2,DeltaCyc,2,-0.01294872887452823,-0.00958741171647784,-0.015048496593633252,-0.010896887534094558,0.8046
mechanism,2,A,2,DeltaCyc,3,0.00673768816786951,0.00510104425093752,0.005746125937380567,0.007758936038680447,0.8046
mechanism,2,A,2,DeltaCyc,4,-0.003540360279662658,-0.002874061187157606,-0.003925117015885645,-0.003153494679453723,0.8046
mechanism,2,A,3,PR,,7.979573399766725,7.995700144139018,7.969489955024986,7.986642809924537,0.8046
mechanism,2,A,3,DeltaCyc,2,-0.011629242312333825,-0.009763081493439185,-0.013723946870876434,-0.009577680965925532,0.8046
mechanism,2,A,3,DeltaCyc,3,0.006852469832854015,0.0051642913725329365,0.005854390610544113,0.007869862543613583,0.8046
mechanism,2,A,3,DeltaCyc,4,-0.0037188623695138287,-0.0029992803283618863,-0.004101484145195678,-0.003338049807910106,0.8046
mechanism,2,B,0,PR,,7.949632971253724,7.999148980240499,7.924656012433162,7.971528525707985,0.8046
mechanism,2,B,0,DeltaCyc,2,-0.012756473707589828,-0.011801851794276064,-0.013309000479731957,-0.012207158326608599,0.8046
mechanism,2,B,0,DeltaCyc,3,0.0052771199573776635,0.004650752150198834,0.005039593681342765,0.0055123866492300284,0.8046
mechanism,2,B,0,DeltaCyc,4,-0.0012313933687111709,-0.0010489485238052154,-0.0013040250037200923,-0.0011572813228149272,0.8046
mechanism,2,B,1,PR,,7.964619070816511,7.999054635773537,7.9424890420461205,7.983729886266665,0.8046
mechanism,2,B,1,DeltaCyc,2,-0.012945345737318504,-0.012007175880972193,-0.013522142191191036,-0.01237676032487154,0.8046
mechanism,2,B,1,DeltaCyc,3,0.005290449982315219,0.004799625092402476,0.00504329802366763,0.005536310152563595,0.8046
mechanism,2,B,1,DeltaCyc,4,-0.0011030157975210713,-0.0009703924128961899,-0.0011770672523560525,-0.00102800405771846,0.8046
mechanism,2,B,2,PR,,7.966551236592055,7.999038557367247,7.9467618333740715,7.982987667640373,0.8046
mechanism,2,B,2,DeltaCyc,2,-0.013005681877593461,-0.011896759051645611,-0.0135647827826447,-0.012454314901957569,0.8046
mechanism,2,B,2,DeltaCyc,3,0.005304450267359359,0.00473423940630846,0.005071331478302709,0.0055413880887625324,0.8046
mechanism,2,B,2,DeltaCyc,4,-0.0010480431400771053,-0.0009515934827223071,-0.0011187796821744483,-0.0009760830337359634,0.8046
mechanism,2,B,3,PR,,7.9635513663603685,7.9990344208293145,7.94097518723764,7.9828767131807865,0.8046
mechanism,2,B,3,DeltaCyc,2,-0.012775418491937241,-0.01171889940213322,-0.013341053260505937,-0.012219108519191758,0.8046
mechanism,2,B,3,DeltaCyc,3,0.005283141744123649,0.004796896096937786,0.005043991438576527,0.005522186137848603,0.8046
mechanism,2,B,3,DeltaCyc,4,-0.0011089726317543395,-0.0010162593245363338,-0.0011817769970938036,-0.0010346119091004756,0.8046
mechanism,0,A,0,PR,,7.968026057001185,7.992207390857568,7.964007069737263,7.971715087656345,0.8792
mechanism,0,A,0,DeltaCyc,2,0.013000684565904542,0.013235690161850111,0.010648439166573109,0.015358366125941856,0.8792
mechanism,0,A,0,DeltaCyc,3,-0.005471472951113606,-0.006318653709008248,-0.006623844523482411,-0.004280415377141711,0.8792
mechanism,0,A,0,DeltaCyc,4,-0.0011964713478200433,-0.0010340900200249692,-0.0017133076991005813,-0.0006941691145994158,0.8792
mechanism,0,A,1,PR,,7.949806995741998,7.991221932537494,7.936429214618453,7.961045895059773,0.8792
mechanism,0,A,1,DeltaCyc,2,0.014178934125796969,0.014843309009973882,0.011727298881777823,0.01654752040692398,0.8792
mechanism,0,A,1,DeltaCyc,3,-0.005939115175784955,-0.00619350461587026,-0.007123048983510249,-0.004735588924430227,0.8792
mechanism,0,A,1,DeltaCyc,4,-0.0014425966555801112,-0.0008326034083489253,-0.001963495680785551,-0.0009171333702453295,0.8792
mechanism,0,A,2,PR,,7.957060716291034,7.990911113713484,7.9474414422667286,7.964736172520801,0.8792
mechanism,0,A,2,DeltaCyc,2,0.017072917780305365,0.017823294838423598,0.014593468237472694,0.019453914384361625,0.8792
mechanism,0,A,2,DeltaCyc,3,-0.007787980530595359,-0.008082300876210258,-0.008973736991167127,-0.006567612656584029,0.8792
mechanism,0,A,2,DeltaCyc,4,-0.0005713447997124984,-0.00044309464890776584,-0.0010931450547824822,-4.290191446260314e-05,0.8792
mechanism,0,A,3,PR,,7.9521355780713305,7.991108530036689,7.939547864133693,7.962298666094589,0.8792
mechanism,0,A,3,DeltaCyc,2,0.012899113481111975,0.014268302061041904,0.010405984420870335,0.015423892774843077,0.8792
mechanism,0,A,3,DeltaCyc,3,-0.0051935120850756305,-0.005652572527634625,-0.006440512855773455,-0.003953021632308987,0.8792
mechanism,0,A,3,DeltaCyc,4,-0.0014413903941053385,-0.0011430307773140913,-0.0019643739617324725,-0.0008910170342877282,0.8792
mechanism,0,B,0,PR,,7.953808079921627,7.999387648755975,7.928702977623435,7.975799022562348,0.8792
mechanism,0,B,0,DeltaCyc,2,-0.007872208749833845,-0.007171039882886032,-0.008353479151519237,-0.007381444807219225,0.8792
mechanism,0,B,0,DeltaCyc,3,0.002916355667728701,0.0026175124335977573,0.0027081128855578063,0.003123141460929076,0.8792
mechanism,0,B,0,DeltaCyc,4,-0.0007926469003288054,-0.0006577432886416545,-0.0008566979887774587,-0.0007268758115262279,0.8792
mechanism,0,B,1,PR,,7.974873846482414,7.999376425061161,7.955940352798347,7.990657020269089,0.8792
mechanism,0,B,1,DeltaCyc,2,-0.007638095381313505,-0.006755801196180383,-0.008129075146125719,-0.007153645149323125,0.8792
mechanism,0,B,1,DeltaCyc,3,0.0027135011439909915,0.0023397540319124166,0.0025064031302237237,0.0029281417357961232,0.8792
mechanism,0,B,1,DeltaCyc,4,-0.0007236083370043192,-0.0005478537483435686,-0.0007907250629308287,-0.0006583675305110349,0.8792
mechanism,0,B,2,PR,,7.954549353120939,7.9994121019432045,7.928320803563875,7.977371865617533,0.8792
mechanism,0,B,2,DeltaCyc,2,-0.007492609639432174,-0.006965895057350763,-0.007987141673278485,-0.007001641811950313,0.8792
mechanism,0,B,2,DeltaCyc,3,0.0027322239979096366,0.0024526431101808965,0.002526859471997162,0.0029388060204614103,0.8792
mechanism,0,B,2,DeltaCyc,4,-0.0007185057891549596,-0.00061230009781027,-0.0007819800135797848,-0.0006543396094065311,0.8792
mechanism,0,B,3,PR,,7.9751264474969545,7.999400285963371,7.958976353174119,7.990763625970919,0.8792
mechanism,0,B,3,DeltaCyc,2,-0.007929681691715939,-0.007557959946881132,-0.008437764213549104,-0.00741634296591029,0.8792
mechanism,0,B,3,DeltaCyc,3,0.0029572802744826546,0.002402625813930581,0.002739446791476511,0.003171184476494106,0.8792
mechanism,0,B,3,DeltaCyc,4,-0.000755578625097466,-0.000600721420784156,-0.0008252837970513092,-0.0006852771811565398,0.8792
mechanism,1,A,0,PR,,7.9806218051981945,7.995960781491351,7.970801509262907,7.987526427208583,0.5504
mechanism,1,A,0,DeltaCyc,2,-0.010160325146250473,-0.008319752727117657,-0.011879502201731916,-0.008453483833842021,0.5504
mechanism,1,A,0,DeltaCyc,3,0.0046094854111515616,0.0037766123770817395,0.0037784818051089567,0.005433595005100142,0.5504
mechanism,1,A,0,DeltaCyc,4,-0.002219041792044184,-0.0019812570890233305,-0.0025424275771562827,-0.0018980822535331178,0.5504
mechanism,1,A,1,PR,,7.972314459215309,7.995289844225637,7.958192298389178,7.982991632733007,0.5504
mechanism,1,A,1,DeltaCyc,2,-0.00978276800474832,-0.00903212061336306,-0.011644247191546993,-0.007920008477250912,0.5504
mechanism,1,A,1,DeltaCyc,3,0.0036955535697443124,0.0027832880760964573,0.0028214044240467834,0.0045476926969431845,0.5504
mechanism,1,A,1,DeltaCyc,4,-0.0017593101828517696,-0.0015577714924311648,-0.0020829486736410746,-0.0014200302537892896,0.5504
mechanism,1,A,2,PR,,7.967606922932417,7.99527555348863,7.951510577873419,7.9804676499215565,0.5504
mechanism,1,A,2,DeltaCyc,2,-0.008872593230606114,-0.007592707141856531,-0.010682239992616764,-0.007058102079555944,0.5504
mechanism,1,A,2,DeltaCyc,3,0.002990959613696054,0.002091679681387376,0.0021744021824710125,0.0038099363190855135,0.5504
mechanism,1,A,2,DeltaCyc,4,-0.0015327471501194157,-0.0013402256851082484,-0.0018583452475002026,-0.0012004404332769383,0.5504
mechanism,1,A,3,PR,,7.979979162464364,7.995232605455314,7.96971779516658,7.986933772080113,0.5504
mechanism,1,A,3,DeltaCyc,2,-0.009103174619254254,-0.009165783043977027,-0.01093687582066216,-0.007255423730418037,0.5504
mechanism,1,A,3,DeltaCyc,3,0.0034745936311383805,0.002957325467801003,0.002620340736271119,0.004337904955847557,0.5504
mechanism,1,A,3,DeltaCyc,4,-0.001680347023068547,-0.001339492435541878,-0.0020176593221524685,-0.0013489002548338056,0.5504
mechanism,1,B,0,PR,,7.955289398915976,7.999171602795952,7.932712288847447,7.977190262433434,0.5504
mechanism,1,B,0,DeltaCyc,2,-0.012353387716852782,-0.011542176127024767,-0.012909662331240331,-0.011790597043341408,0.5504
mechanism,1,B,0,DeltaCyc,3,0.004800341397448655,0.004267107753682969,0.004560916969970572,0.005034744343654814,0.5504
mechanism,1,B,0,DeltaCyc,4,-0.0009670841471144399,-0.0008286920731352121,-0.0010411480820760519,-0.000893414650798678,0.5504
mechanism,1,B,1,PR,,7.953088237509396,7.9987761696210775,7.9297479366311245,7.973428670357412,0.5504
mechanism,1,B,1,DeltaCyc,2,-0.013299479913329184,-0.012747138962264065,-0.013859940739652448,-0.01271004057921878,0.5504
mechanism,1,B,1,DeltaCyc,3,0.00519848296943651,0.004750754444556249,0.004954310524264551,0.005438899364860066,0.5504
mechanism,1,B,1,DeltaCyc,4,-0.000993307169908501,-0.0009037534971958472,-0.0010670508776830284,-0.000917274556807535,0.5504
mechanism,1,B,2,PR,,7.965205401743572,7.998918689499592,7.943821281647072,7.98376234567527,0.5504
mechanism,1,B,2,DeltaCyc,2,-0.01310719270472258,-0.012769207202923655,-0.013649923764765412,-0.012566245226868474,0.5504
mechanism,1,B,2,DeltaCyc,3,0.005054962508059518,0.004413596880461251,0.004820613424190333,0.005282908721475564,0.5504
mechanism,1,B,2,DeltaCyc,4,-0.000972934827398984,-0.0008574133414651353,-0.0010458195899985083,-0.0009002488963041579,0.5504
mechanism,1,B,3,PR,,7.963569526597807,7.998894220946035,7.941117106157752,7.9828507595831715,0.5504
mechanism,1,B,3,DeltaCyc,2,-0.013657008454219494,-0.013164808515775561,-0.014211418102297844,-0.013118328070231567,0.5504
mechanism,1,B,3,DeltaCyc,3,0.005288174548818998,0.004861183782137651,0.005058265798285014,0.0055208926945560215,0.5504
mechanism,1,B,3,DeltaCyc,4,-0.0010190094492952733,-0.000912100078417577,-0.001093146411113985,-0.0009457266210028498,0.5504
